{"artist": "Chris Standring", "timestamp": "2011-08-02 22:01:51.612570", "similars": [], "tags": [["Smooth Jazz", "100"], ["jazz", "28"], ["funk", "28"], ["jazz guitar", "14"], ["soul jazz", "14"], ["fusion jazz", "14"], ["keepin-it-smooth-jazz", "14"], ["smooth-n-fused", "14"], ["heard on last-fm", "14"], ["onepatjazz", "0"], ["guitar", "0"], ["chillout", "0"], ["smvarios", "0"], ["rustycanucksmoothjazz", "0"], ["MJ-Smmmooth Jazz", "0"]], "track_id": "TRACMJZ128F92FD86B", "title": "Mumbo Jumbo (jazz)"}