{"artist": "Jerry Goldsmith", "timestamp": "2011-08-01 16:13:53.888133", "similars": [], "tags": [["Soundtrack", "100"], ["Jerry Goldsmith", "50"], ["rambo", "37"], ["Soundtracks", "37"], ["American film score composers", "25"], ["movie music great action cues", "25"], ["classic", "25"], ["rock", "12"], ["klassik neu", "12"], ["pierwsza krew", "12"], ["First Blood", "12"], ["trumpet", "12"], ["french horn", "12"], ["Cinematique", "12"], ["cinema", "12"], ["woodwinds", "12"], ["dissonance", "12"], ["movie themes", "12"], ["brass", "12"], ["trombone", "12"], ["percussion", "12"], ["Hans Zimmer", "12"], ["military", "12"], ["1980s", "12"], ["Movies", "12"], ["film score", "12"], ["orchestra", "12"], ["strings", "12"], ["flute", "12"], ["FROM THE BLUE MAX aerial battle", "0"], ["clssics", "0"]], "track_id": "TRACMZA128F423DD3E", "title": "First Blood"}