{"artist": "Novaspace", "timestamp": "2011-08-12 03:41:12.470327", "similars": [], "tags": [["dance", "100"], ["trance", "58"], ["vocal trance", "47"], ["eurodance", "35"], ["female vocalists", "26"], ["Novaspace", "17"], ["chillout", "11"], ["electronic", "11"], ["popitusta", "8"], ["eurotrance", "5"], ["Voice", "5"], ["sexy", "5"], ["Ro-music", "5"], ["relax", "5"], ["euro trance", "5"], ["dance remix", "5"], ["cover", "5"], ["cool", "5"], ["awesome sound", "2"], ["LKS", "2"], ["Female Euro Dance", "2"], ["Trance 80s", "2"], ["stellar cluster", "2"], ["test playlist", "2"], ["ro-electronic", "2"], ["DanceTranceSuperElektronik", "2"], ["top dance", "2"], ["ro-retro", "2"], ["neugisFav", "2"], ["My engel", "2"], ["mudog-cc", "2"], ["ZeroX1999", "2"], ["friends2", "2"], ["djaonortega", "2"], ["Novaspace-Guardian Angel", "2"], ["gjamr", "2"], ["henkers lieblingslieder xd", "2"], ["bra febr-10", "2"], ["german", "2"], ["vocal", "2"], ["electronica", "2"], ["prog", "2"], ["Favourites", "2"], ["Favorite", "2"], ["smooth", "2"], ["euro", "2"], ["Supercool", "2"], ["human", "2"], ["sexy girl", "2"], ["female dance vocals", "2"], ["pop dance", "2"], ["lieblingslied", "2"], ["Guardian Angel", "2"], ["isla blanca revival", "2"], ["Guardian Angel by Novaspace", "0"], ["pop", "0"], ["Cascada", "0"], ["velvet", "0"], ["spokojne", "0"], ["aaaa", "0"], ["best off 4", "0"], ["cascada what the hurts most", "0"], ["number1", "0"]], "track_id": "TRACZJA128F429E665", "title": "Guardian Angel"}