{"artist": "Ulytau", "timestamp": "2011-08-05 14:36:06.089993", "similars": [], "tags": [["instrumental", "100"], ["four sesons cover", "50"], ["folk", "50"], ["folk metal", "50"], ["cover", "50"], ["violin", "50"], ["dombra", "50"], ["kazakh", "50"], ["vivaldi", "50"], ["instrumental metal", "50"], ["four sesons", "33"], ["vivaldi cover", "33"], ["kazakhstan folk rock", "33"], ["Barroco", "33"], ["rococo", "33"], ["classical crossover", "33"], ["symphonic metal", "33"], ["Classical", "33"], ["metal", "33"], ["Folk-Metal", "16"], ["neo-classical metal", "16"], ["folk-rock", "16"], ["khazakhstanian folk rock", "16"], ["central asia", "16"], ["Kazakhstan", "16"], ["folk rock", "16"], ["Instrumetnal", "16"], ["rock", "16"], ["kazakistan", "16"], ["ulytau", "16"], ["kazkhstan", "16"]], "track_id": "TRACAUP128F931AC60", "title": "Winter (Four Seasons)"}