{"artist": "Chris Liebing", "timestamp": "2011-08-12 21:23:05.769621", "similars": [], "tags": [["techno", "100"], ["schranz", "60"], ["electronic", "20"], ["Chris liebing", "20"], ["remix", "10"], ["Hardtek", "10"], ["sample", "10"], ["Music to code to", "10"], ["driving techno", "10"], ["techno-broeder", "10"], ["let the fun begin", "10"], ["techno tracks", "10"], ["tecnaco", "10"], ["bontechno", "10"], ["electro", "0"], ["totally dark", "0"]], "track_id": "TRAJEZT128E0795DF3", "title": "Analog E.P.: (Steve Rachmad remix)"}